{"settings":{"nativeScrollbars":false,"nativeScrollbarsThin":true,"nativeScrollbarsLeft":false,"selWinScreenshots":false,"updateSidebarTitle":false,"markWindow":false,"markWindowPreface":"[Sidebery] ","ctxMenuNative":false,"ctxMenuRenderInact":true,"ctxMenuRenderIcons":true,"ctxMenuIgnoreContainers":"","navBarLayout":"horizontal","navBarInline":false,"navBarSide":"left","hideAddBtn":false,"hideSettingsBtn":false,"navBtnCount":true,"hideEmptyPanels":false,"hideDiscardedTabPanels":false,"navActTabsPanelLeftClickAction":"none","navActBookmarksPanelLeftClickAction":"none","navTabsPanelMidClickAction":"discard","navBookmarksPanelMidClickAction":"none","navSwitchPanelsWheel":true,"subPanelRecentlyClosedBar":true,"subPanelBookmarks":true,"subPanelHistory":true,"subPanelSync":false,"groupLayout":"grid","containersSortByName":false,"skipEmptyPanels":false,"dndTabAct":true,"dndTabActDelay":750,"dndTabActMod":"none","dndExp":"pointer","dndExpDelay":750,"dndExpMod":"none","dndOutside":"win","dndActTabFromLink":true,"dndActSearchTab":true,"dndMoveTabs":false,"dndMoveBookmarks":false,"searchBarMode":"dynamic","searchPanelSwitch":"same_type","searchBookmarksShortcut":"","searchHistoryShortcut":"","warnOnMultiTabClose":"collapsed","activateLastTabOnPanelSwitching":true,"activateLastTabOnPanelSwitchingLoadedOnly":true,"switchPanelAfterSwitchingTab":"always","tabRmBtn":"hover","activateAfterClosing":"prev_act","activateAfterClosingStayInPanel":false,"activateAfterClosingGlobal":false,"activateAfterClosingNoFolded":true,"activateAfterClosingNoDiscarded":true,"askNewBookmarkPlace":true,"tabsRmUndoNote":true,"tabsUnreadMark":false,"tabsUpdateMark":"all","tabsUpdateMarkFirst":true,"tabsReloadLimit":5,"tabsReloadLimitNotif":true,"showNewTabBtns":true,"newTabBarPosition":"after_tabs","tabsPanelSwitchActMove":false,"tabsPanelSwitchActMoveAuto":true,"tabsUrlInTooltip":"full","newTabCtxReopen":false,"tabWarmupOnHover":true,"tabSwitchDelay":0,"forceDiscard":true,"moveNewTabPin":"start","moveNewTabParent":"first_child","moveNewTabParentActPanel":false,"moveNewTab":"after","moveNewTabActivePin":"start","pinnedTabsPosition":"panel","pinnedTabsList":false,"pinnedAutoGroup":false,"pinnedNoUnload":false,"pinnedForcedDiscard":false,"tabsTree":true,"groupOnOpen":true,"tabsTreeLimit":2,"autoFoldTabs":false,"autoFoldTabsExcept":"none","autoExpandTabs":false,"autoExpandTabsOnNew":false,"rmChildTabs":"folded","tabsLvlDots":true,"discardFolded":false,"discardFoldedDelay":0,"discardFoldedDelayUnit":"sec","tabsTreeBookmarks":true,"treeRmOutdent":"branch","autoGroupOnClose":false,"autoGroupOnClose0Lvl":false,"autoGroupOnCloseMouseOnly":false,"ignoreFoldedParent":false,"showNewGroupConf":true,"sortGroupsFirst":true,"colorizeTabs":false,"colorizeTabsSrc":"domain","colorizeTabsBranches":false,"colorizeTabsBranchesSrc":"url","inheritCustomColor":true,"previewTabs":false,"previewTabsMode":"i","previewTabsPageModeFallback":"w","previewTabsInlineHeight":70,"previewTabsPopupWidth":280,"previewTabsTitle":2,"previewTabsUrl":1,"previewTabsSide":"right","previewTabsDelay":500,"previewTabsFollowMouse":true,"previewTabsWinOffsetY":36,"previewTabsWinOffsetX":6,"previewTabsInPageOffsetY":0,"previewTabsInPageOffsetX":0,"previewTabsCropRight":0,"hideInact":false,"hideFoldedTabs":false,"hideFoldedParent":"none","nativeHighlight":false,"warnOnMultiBookmarkDelete":"collapsed","autoCloseBookmarks":false,"autoRemoveOther":false,"highlightOpenBookmarks":false,"activateOpenBookmarkTab":false,"showBookmarkLen":true,"bookmarksRmUndoNote":true,"loadBookmarksOnDemand":true,"pinOpenedBookmarksFolder":true,"oldBookmarksAfterSave":"ask","loadHistoryOnDemand":true,"fontSize":"m","animations":true,"animationSpeed":"norm","theme":"proton","density":"default","colorScheme":"ff","snapNotify":true,"snapExcludePrivate":false,"snapInterval":0,"snapIntervalUnit":"min","snapLimit":0,"snapLimitUnit":"snap","snapAutoExport":false,"snapAutoExportType":"json","snapAutoExportPath":"Sidebery/snapshot-%Y.%M.%D-%h.%m.%s","snapMdFullTree":false,"hScrollAction":"none","onePanelSwitchPerScroll":false,"wheelAccumulationX":true,"wheelAccumulationY":true,"navSwitchPanelsDelay":128,"scrollThroughTabs":"none","scrollThroughVisibleTabs":true,"scrollThroughTabsSkipDiscarded":true,"scrollThroughTabsExceptOverflow":true,"scrollThroughTabsCyclic":false,"scrollThroughTabsScrollArea":0,"autoMenuMultiSel":true,"multipleMiddleClose":false,"longClickDelay":500,"wheelThreshold":false,"wheelThresholdX":10,"wheelThresholdY":60,"tabDoubleClick":"close","tabsSecondClickActPrev":false,"tabsSecondClickActPrevPanelOnly":false,"tabsSecondClickActPrevNoUnload":false,"shiftSelAct":true,"activateOnMouseUp":true,"tabLongLeftClick":"none","tabLongRightClick":"none","tabMiddleClick":"close","tabPinnedMiddleClick":"discard","tabMiddleClickCtrl":"discard","tabMiddleClickShift":"duplicate","tabCloseMiddleClick":"close","tabsPanelLeftClickAction":"none","tabsPanelDoubleClickAction":"tab","tabsPanelRightClickAction":"menu","tabsPanelMiddleClickAction":"undo","newTabMiddleClickAction":"new_child","bookmarksLeftClickAction":"open_in_act","bookmarksLeftClickActivate":false,"bookmarksLeftClickPos":"default","bookmarksMidClickAction":"open_in_new","bookmarksMidClickActivate":false,"bookmarksMidClickRemove":false,"bookmarksMidClickPos":"default","historyLeftClickAction":"open_in_act","historyLeftClickActivate":false,"historyLeftClickPos":"default","historyMidClickAction":"open_in_new","historyMidClickActivate":false,"historyMidClickPos":"default","syncName":"","syncUseFirefox":true,"syncUseGoogleDrive":false,"syncUseGoogleDriveApi":false,"syncUseGoogleDriveApiClientId":"","syncSaveSettings":false,"syncSaveCtxMenu":false,"syncSaveStyles":false,"syncSaveKeybindings":false,"selectActiveTabFirst":true,"selectCyclic":false},"sidebar":{"nav":["VT6k6tBe4T7B","FZh11rkzLci1","add_tp","sp-0","search","settings"],"panels":{"FZh11rkzLci1":{"type":2,"id":"FZh11rkzLci1","name":"分頁","color":"toolbar","iconSVG":"icon_tabs","iconIMGSrc":"","iconIMG":"","lockedPanel":false,"skipOnSwitching":false,"noEmpty":false,"newTabCtx":"none","dropTabCtx":"none","moveRules":[],"moveExcludedTo":-1,"bookmarksFolderId":-1,"newTabBtns":[],"srcPanelConfig":null},"VT6k6tBe4T7B":{"type":2,"id":"VT6k6tBe4T7B","name":"Tabs","color":"toolbar","iconSVG":"icon_tabs","iconIMGSrc":"","iconIMG":"","lockedPanel":false,"skipOnSwitching":false,"noEmpty":false,"newTabCtx":"none","dropTabCtx":"none","moveRules":[],"moveExcludedTo":-1,"bookmarksFolderId":-1,"newTabBtns":[],"srcPanelConfig":null}}},"contextMenu":{"tabs":[{"opts":["reload","mute","discard","undoRmTab","bookmark"]},"separator-1",{"name":"","opts":["pin","group","flatten","close"]},"separator-3",{"name":"","opts":["moveToPanel","moveToNewPanel","moveToNewWin","moveToWin"]},"separator-5",{"name":"","opts":["reopenInCtr"]},{"name":"%menu.tab.reopen_in_sub_menu_name","opts":["reopenInNewCtr","separator-6","reopenInNewWin","reopenInWin"]},{"name":"%menu.tab.colorize_","opts":["colorizeTab"]},{"name":"%menu.tab.sort_sub_menu_name","opts":["sortTabsByTitleAscending","sortTabsByTitleDescending","sortTabsByUrlAscending","sortTabsByUrlDescending","sortTabsByAccessTimeAscending","sortTabsByAccessTimeDescending","separator-45654","sortTabsTreeByTitleAscending","sortTabsTreeByTitleDescending","sortTabsTreeByUrlAscending","sortTabsTreeByUrlDescending","sortTabsTreeByAccessTimeAscending","sortTabsTreeByAccessTimeDescending"]},"separator-2",{"name":"","opts":["duplicate","copyTabsUrls","copyTabsTitles","editTabTitle"]},"separator-4","urlConf","clearCookies"],"tabsPanel":[{"opts":["undoRmTab","muteAllAudibleTabs","reloadTabs","discardTabs"]},"separator-1224",{"name":"%menu.tabs_panel.sort_all_sub_menu_name","opts":["sortAllTabsByTitleAscending","sortAllTabsByTitleDescending","sortAllTabsByUrlAscending","sortAllTabsByUrlDescending","sortAllTabsByAccessTimeAscending","sortAllTabsByAccessTimeDescending"]},"separator-7","selectAllTabs","collapseInactiveBranches","closeTabsDuplicates","closeTabs","separator-8","bookmarkTabsPanel","restoreFromBookmarks","convertToBookmarksPanel","separator-9","openPanelConfig","hidePanel","removePanel"],"bookmarks":[{"name":"%menu.bookmark.open_in_sub_menu_name","opts":["openInNewWin","openInNewPrivWin","separator-9","openInPanel","openInNewPanel","separator-10","openInCtr"]},{"name":"%menu.bookmark.sort_sub_menu_name","opts":["sortByNameAscending","sortByNameDescending","sortByLinkAscending","sortByLinkDescending","sortByTimeAscending","sortByTimeDescending"]},"separator-5","createBookmark","createFolder","createSeparator","separator-8","openAsBookmarksPanel","openAsTabsPanel","separator-7","copyBookmarksUrls","copyBookmarksTitles","moveBookmarksTo","edit","delete"],"bookmarksPanel":["collapseAllFolders","switchViewMode","convertToTabsPanel","separator-9","unloadPanelType","openPanelConfig","hidePanel","removePanel"]},"ver":"5.3.3"}